-- phpMyAdmin SQL Dump
-- version 5.2.1
-- https://www.phpmyadmin.net/
--
-- Host: 127.0.0.1
-- Generation Time: Aug 13, 2025 at 09:10 AM
-- Server version: 10.4.32-MariaDB
-- PHP Version: 8.0.30

SET SQL_MODE = "NO_AUTO_VALUE_ON_ZERO";
START TRANSACTION;
SET time_zone = "+00:00";


/*!40101 SET @OLD_CHARACTER_SET_CLIENT=@@CHARACTER_SET_CLIENT */;
/*!40101 SET @OLD_CHARACTER_SET_RESULTS=@@CHARACTER_SET_RESULTS */;
/*!40101 SET @OLD_COLLATION_CONNECTION=@@COLLATION_CONNECTION */;
/*!40101 SET NAMES utf8mb4 */;

--
-- Database: `non-pots`
--

-- --------------------------------------------------------

--
-- Table structure for table `cache`
--

CREATE TABLE `cache` (
  `key` varchar(255) NOT NULL,
  `value` mediumtext NOT NULL,
  `expiration` int(11) NOT NULL
) ENGINE=InnoDB DEFAULT CHARSET=utf8mb4 COLLATE=utf8mb4_unicode_ci;

-- --------------------------------------------------------

--
-- Table structure for table `cache_locks`
--

CREATE TABLE `cache_locks` (
  `key` varchar(255) NOT NULL,
  `owner` varchar(255) NOT NULL,
  `expiration` int(11) NOT NULL
) ENGINE=InnoDB DEFAULT CHARSET=utf8mb4 COLLATE=utf8mb4_unicode_ci;

-- --------------------------------------------------------

--
-- Table structure for table `categories`
--

CREATE TABLE `categories` (
  `category_id` bigint(20) UNSIGNED NOT NULL,
  `nama_category` varchar(255) NOT NULL,
  `created_at` timestamp NULL DEFAULT NULL,
  `updated_at` timestamp NULL DEFAULT NULL
) ENGINE=InnoDB DEFAULT CHARSET=utf8mb4 COLLATE=utf8mb4_unicode_ci;

--
-- Dumping data for table `categories`
--

INSERT INTO `categories` (`category_id`, `nama_category`, `created_at`, `updated_at`) VALUES
(1, 'ASTINET', '2025-08-12 19:34:47', '2025-08-12 19:34:47'),
(2, 'IP TRANSIT', '2025-08-12 19:34:47', '2025-08-12 19:34:47'),
(3, 'METRO-E', '2025-08-12 19:34:47', '2025-08-12 19:34:47'),
(4, 'INDIBIZ', '2025-08-12 19:34:47', '2025-08-12 19:34:47'),
(5, 'ADDON', '2025-08-12 19:34:47', '2025-08-12 19:34:47');

-- --------------------------------------------------------

--
-- Table structure for table `failed_jobs`
--

CREATE TABLE `failed_jobs` (
  `id` bigint(20) UNSIGNED NOT NULL,
  `uuid` varchar(255) NOT NULL,
  `connection` text NOT NULL,
  `queue` text NOT NULL,
  `payload` longtext NOT NULL,
  `exception` longtext NOT NULL,
  `failed_at` timestamp NOT NULL DEFAULT current_timestamp()
) ENGINE=InnoDB DEFAULT CHARSET=utf8mb4 COLLATE=utf8mb4_unicode_ci;

-- --------------------------------------------------------

--
-- Table structure for table `jobs`
--

CREATE TABLE `jobs` (
  `id` bigint(20) UNSIGNED NOT NULL,
  `queue` varchar(255) NOT NULL,
  `payload` longtext NOT NULL,
  `attempts` tinyint(3) UNSIGNED NOT NULL,
  `reserved_at` int(10) UNSIGNED DEFAULT NULL,
  `available_at` int(10) UNSIGNED NOT NULL,
  `created_at` int(10) UNSIGNED NOT NULL
) ENGINE=InnoDB DEFAULT CHARSET=utf8mb4 COLLATE=utf8mb4_unicode_ci;

-- --------------------------------------------------------

--
-- Table structure for table `job_batches`
--

CREATE TABLE `job_batches` (
  `id` varchar(255) NOT NULL,
  `name` varchar(255) NOT NULL,
  `total_jobs` int(11) NOT NULL,
  `pending_jobs` int(11) NOT NULL,
  `failed_jobs` int(11) NOT NULL,
  `failed_job_ids` longtext NOT NULL,
  `options` mediumtext DEFAULT NULL,
  `cancelled_at` int(11) DEFAULT NULL,
  `created_at` int(11) NOT NULL,
  `finished_at` int(11) DEFAULT NULL
) ENGINE=InnoDB DEFAULT CHARSET=utf8mb4 COLLATE=utf8mb4_unicode_ci;

-- --------------------------------------------------------

--
-- Table structure for table `migrations`
--

CREATE TABLE `migrations` (
  `id` int(10) UNSIGNED NOT NULL,
  `migration` varchar(255) NOT NULL,
  `batch` int(11) NOT NULL
) ENGINE=InnoDB DEFAULT CHARSET=utf8mb4 COLLATE=utf8mb4_unicode_ci;

--
-- Dumping data for table `migrations`
--

INSERT INTO `migrations` (`id`, `migration`, `batch`) VALUES
(1, '0001_01_01_000000_create_users_table', 1),
(2, '0001_01_01_000001_create_cache_table', 1),
(3, '0001_01_01_000002_create_jobs_table', 1),
(4, '2025_07_16_033541_create_categories_table', 1),
(5, '2025_07_16_033933_create_products_table', 1),
(6, '2025_07_16_034635_create_otc_table', 1),
(7, '2025_07_17_044329_product_otc', 1),
(8, '2025_07_17_044414_create_product_otc_table', 1);

-- --------------------------------------------------------

--
-- Table structure for table `otc`
--

CREATE TABLE `otc` (
  `id_OTC` bigint(20) UNSIGNED NOT NULL,
  `category_OTC` varchar(255) NOT NULL,
  `price_OTC` decimal(12,2) NOT NULL,
  `skema` varchar(255) DEFAULT NULL,
  `created_at` timestamp NULL DEFAULT NULL,
  `updated_at` timestamp NULL DEFAULT NULL
) ENGINE=InnoDB DEFAULT CHARSET=utf8mb4 COLLATE=utf8mb4_unicode_ci;

--
-- Dumping data for table `otc`
--

INSERT INTO `otc` (`id_OTC`, `category_OTC`, `price_OTC`, `skema`, `created_at`, `updated_at`) VALUES
(1, 'FREE/MO', 0.00, NULL, '2025-08-12 19:34:48', '2025-08-12 19:34:48'),
(2, 'AO DISCOUNT', 150000.00, NULL, '2025-08-12 19:34:48', '2025-08-12 19:34:48'),
(3, 'AO NORMAL', 500000.00, NULL, '2025-08-12 19:34:48', '2025-08-12 19:34:48');

-- --------------------------------------------------------

--
-- Table structure for table `password_reset_tokens`
--

CREATE TABLE `password_reset_tokens` (
  `email` varchar(255) NOT NULL,
  `token` varchar(255) NOT NULL,
  `created_at` timestamp NULL DEFAULT NULL
) ENGINE=InnoDB DEFAULT CHARSET=utf8mb4 COLLATE=utf8mb4_unicode_ci;

-- --------------------------------------------------------

--
-- Table structure for table `products`
--

CREATE TABLE `products` (
  `id` bigint(20) UNSIGNED NOT NULL,
  `category_id` bigint(20) UNSIGNED NOT NULL,
  `nama_product` varchar(255) NOT NULL,
  `price` decimal(12,2) NOT NULL,
  `created_at` timestamp NULL DEFAULT NULL,
  `updated_at` timestamp NULL DEFAULT NULL
) ENGINE=InnoDB DEFAULT CHARSET=utf8mb4 COLLATE=utf8mb4_unicode_ci;

--
-- Dumping data for table `products`
--

INSERT INTO `products` (`id`, `category_id`, `nama_product`, `price`, `created_at`, `updated_at`) VALUES
(1, 4, '1S - INET ONLY (50 Mbps)', 439000.00, '2025-08-12 19:34:47', '2025-08-12 19:34:47'),
(2, 4, '1S - INET ONLY (75 Mbps)', 519000.00, '2025-08-12 19:34:47', '2025-08-12 19:34:47'),
(3, 4, '1S - INET ONLY (100 Mbps)', 669000.00, '2025-08-12 19:34:47', '2025-08-12 19:34:47'),
(4, 4, '1S - INET ONLY (150 Mbps)', 819000.00, '2025-08-12 19:34:47', '2025-08-12 19:34:47'),
(5, 4, '1S - INET ONLY (200 Mbps)', 1049000.00, '2025-08-12 19:34:47', '2025-08-12 19:34:47'),
(6, 4, '1S - INET ONLY (300 Mbps)', 1499000.00, '2025-08-12 19:34:47', '2025-08-12 19:34:47'),
(7, 4, '2S - INET + VOICE (50 Mbps)', 479000.00, '2025-08-12 19:34:47', '2025-08-12 19:34:47'),
(8, 4, '2S - INET + VOICE (75 Mbps)', 559000.00, '2025-08-12 19:34:47', '2025-08-12 19:34:47'),
(9, 4, '2S - INET + VOICE (100 Mbps)', 709000.00, '2025-08-12 19:34:47', '2025-08-12 19:34:47'),
(10, 4, '2S - INET + VOICE (150 Mbps)', 859000.00, '2025-08-12 19:34:47', '2025-08-12 19:34:47'),
(11, 4, '2S - INET + VOICE (200 Mbps)', 1089000.00, '2025-08-12 19:34:47', '2025-08-12 19:34:47'),
(12, 4, '2S - INET + VOICE (300 Mbps)', 1539000.00, '2025-08-12 19:34:47', '2025-08-12 19:34:47'),
(13, 4, '2S - INET + IPTV (50 Mbps)', 639000.00, '2025-08-12 19:34:47', '2025-08-12 19:34:47'),
(14, 4, '2S - INET + IPTV (75 Mbps)', 719000.00, '2025-08-12 19:34:47', '2025-08-12 19:34:47'),
(15, 4, '2S - INET + IPTV (100 Mbps)', 869000.00, '2025-08-12 19:34:47', '2025-08-12 19:34:47'),
(16, 4, '2S - INET + IPTV (150 Mbps)', 1019000.00, '2025-08-12 19:34:47', '2025-08-12 19:34:47'),
(17, 4, '2S - INET + IPTV (200 Mbps)', 1249000.00, '2025-08-12 19:34:47', '2025-08-12 19:34:47'),
(18, 4, '2S - INET + IPTV (300 Mbps)', 1699000.00, '2025-08-12 19:34:47', '2025-08-12 19:34:47'),
(19, 4, '2S - INET + NETMONK (50 Mbps)', 465000.00, '2025-08-12 19:34:47', '2025-08-12 19:34:47'),
(20, 4, '2S - INET + NETMONK (75 Mbps)', 545000.00, '2025-08-12 19:34:47', '2025-08-12 19:34:47'),
(21, 4, '2S - INET + NETMONK (100 Mbps)', 695000.00, '2025-08-12 19:34:47', '2025-08-12 19:34:47'),
(22, 4, '2S - INET + NETMONK (150 Mbps)', 845000.00, '2025-08-12 19:34:47', '2025-08-12 19:34:47'),
(23, 4, '2S - INET + NETMONK (200 Mbps)', 1075000.00, '2025-08-12 19:34:47', '2025-08-12 19:34:47'),
(24, 4, '2S - INET + NETMONK (300 Mbps)', 1559000.00, '2025-08-12 19:34:47', '2025-08-12 19:34:47'),
(25, 4, '2S - INET + OCA (50 Mbps)', 543000.00, '2025-08-12 19:34:47', '2025-08-12 19:34:47'),
(26, 4, '2S - INET + OCA (75 Mbps)', 623000.00, '2025-08-12 19:34:47', '2025-08-12 19:34:47'),
(27, 4, '2S - INET + OCA (100 Mbps)', 773000.00, '2025-08-12 19:34:47', '2025-08-12 19:34:47'),
(28, 4, '2S - INET + OCA (150 Mbps)', 923000.00, '2025-08-12 19:34:47', '2025-08-12 19:34:47'),
(29, 4, '2S - INET + OCA (200 Mbps)', 1153000.00, '2025-08-12 19:34:47', '2025-08-12 19:34:47'),
(30, 4, '2S - INET + OCA (300 Mbps)', 1603000.00, '2025-08-12 19:34:47', '2025-08-12 19:34:47'),
(31, 4, '2S - INET + PIJAR (50 Mbps)', 1022000.00, '2025-08-12 19:34:47', '2025-08-12 19:34:47'),
(32, 4, '2S - INET + PIJAR (75 Mbps)', 1102000.00, '2025-08-12 19:34:47', '2025-08-12 19:34:47'),
(33, 4, '2S - INET + PIJAR (100 Mbps)', 1252000.00, '2025-08-12 19:34:47', '2025-08-12 19:34:47'),
(34, 4, '2S - INET + PIJAR (150 Mbps)', 1402000.00, '2025-08-12 19:34:47', '2025-08-12 19:34:47'),
(35, 4, '2S - INET + PIJAR (200 Mbps)', 1632000.00, '2025-08-12 19:34:47', '2025-08-12 19:34:47'),
(36, 4, '2S - INET + PIJAR (300 Mbps)', 2082000.00, '2025-08-12 19:34:47', '2025-08-12 19:34:47'),
(37, 4, '3S - INET + TELP & IPTV (50 Mbps)', 664000.00, '2025-08-12 19:34:47', '2025-08-12 19:34:47'),
(38, 4, '3S - INET + TELP & IPTV (75 Mbps)', 744000.00, '2025-08-12 19:34:47', '2025-08-12 19:34:47'),
(39, 4, '3S - INET + TELP & IPTV (100 Mbps)', 894000.00, '2025-08-12 19:34:47', '2025-08-12 19:34:47'),
(40, 4, '3S - INET + TELP & IPTV (150 Mbps)', 1044000.00, '2025-08-12 19:34:47', '2025-08-12 19:34:47'),
(41, 4, '3S - INET + TELP & IPTV (200 Mbps)', 1274000.00, '2025-08-12 19:34:47', '2025-08-12 19:34:47'),
(42, 4, '3S - INET + TELP & IPTV (300 Mbps)', 1724000.00, '2025-08-12 19:34:47', '2025-08-12 19:34:47'),
(43, 4, '3S - INET + VOICE & NETMONK (50 Mbps)', 506000.00, '2025-08-12 19:34:47', '2025-08-12 19:34:47'),
(44, 4, '3S - INET + VOICE & NETMONK (75 Mbps)', 586000.00, '2025-08-12 19:34:47', '2025-08-12 19:34:47'),
(45, 4, '3S - INET + VOICE & NETMONK (100 Mbps)', 736000.00, '2025-08-12 19:34:47', '2025-08-12 19:34:47'),
(46, 4, '3S - INET + VOICE & NETMONK (150 Mbps)', 886000.00, '2025-08-12 19:34:47', '2025-08-12 19:34:47'),
(47, 4, '3S - INET + VOICE & NETMONK (200 Mbps)', 1116000.00, '2025-08-12 19:34:47', '2025-08-12 19:34:47'),
(48, 4, '3S - INET + VOICE & NETMONK (300 Mbps)', 1566000.00, '2025-08-12 19:34:47', '2025-08-12 19:34:47'),
(49, 4, '3S - INET + VOICE & OCA (50 Mbps)', 582950.00, '2025-08-12 19:34:47', '2025-08-12 19:34:47'),
(50, 4, '3S - INET + VOICE & OCA (75 Mbps)', 662950.00, '2025-08-12 19:34:47', '2025-08-12 19:34:47'),
(51, 4, '3S - INET + VOICE & OCA (100 Mbps)', 812950.00, '2025-08-12 19:34:47', '2025-08-12 19:34:47'),
(52, 4, '3S - INET + VOICE & OCA (150 Mbps)', 962950.00, '2025-08-12 19:34:47', '2025-08-12 19:34:47'),
(53, 4, '3S - INET + VOICE & OCA (200 Mbps)', 1192950.00, '2025-08-12 19:34:47', '2025-08-12 19:34:47'),
(54, 4, '3S - INET + VOICE & OCA (300 Mbps)', 1642950.00, '2025-08-12 19:34:47', '2025-08-12 19:34:47'),
(55, 4, '3S - INET + VOICE & PIJAR (50 Mbps)', 1034000.00, '2025-08-12 19:34:47', '2025-08-12 19:34:47'),
(56, 4, '3S - INET + VOICE & PIJAR (75 Mbps)', 1114000.00, '2025-08-12 19:34:47', '2025-08-12 19:34:47'),
(57, 4, '3S - INET + VOICE & PIJAR (100 Mbps)', 1264000.00, '2025-08-12 19:34:47', '2025-08-12 19:34:47'),
(58, 4, '3S - INET + VOICE & PIJAR (150 Mbps)', 1414000.00, '2025-08-12 19:34:47', '2025-08-12 19:34:47'),
(59, 4, '3S - INET + VOICE & PIJAR (200 Mbps)', 1644000.00, '2025-08-12 19:34:47', '2025-08-12 19:34:47'),
(60, 4, '3S - INET + VOICE & PIJAR (300 Mbps)', 2094000.00, '2025-08-12 19:34:47', '2025-08-12 19:34:47'),
(61, 5, 'NETMONK', 60000.00, '2025-08-12 19:34:47', '2025-08-12 19:34:47'),
(62, 5, 'OCA', 103950.00, '2025-08-12 19:34:47', '2025-08-12 19:34:47'),
(63, 5, 'MESH WIFI', 29000.00, '2025-08-12 19:34:47', '2025-08-12 19:34:47'),
(64, 5, 'TOMPS', 50000.00, '2025-08-12 19:34:47', '2025-08-12 19:34:47'),
(65, 5, 'PIJAR', 555000.00, '2025-08-12 19:34:47', '2025-08-12 19:34:47'),
(66, 5, 'VOICE', 40000.00, '2025-08-12 19:34:47', '2025-08-12 19:34:47'),
(67, 1, 'ASTINET 1:1 - (1 Mbps)', 143000.00, '2025-08-12 19:34:47', '2025-08-12 19:34:47'),
(68, 1, 'ASTINET 1:1 - (2 Mbps)', 273000.00, '2025-08-12 19:34:47', '2025-08-12 19:34:47'),
(69, 1, 'ASTINET 1:1 - (3 Mbps)', 394000.00, '2025-08-12 19:34:47', '2025-08-12 19:34:47'),
(70, 1, 'ASTINET 1:1 - (5 Mbps)', 615000.00, '2025-08-12 19:34:47', '2025-08-12 19:34:47'),
(71, 1, 'ASTINET 1:1 - (10 Mbps)', 1013000.00, '2025-08-12 19:34:47', '2025-08-12 19:34:47'),
(72, 1, 'ASTINET 1:1 - (20 Mbps)', 1963000.00, '2025-08-12 19:34:47', '2025-08-12 19:34:47'),
(73, 1, 'ASTINET 1:1 - (30 Mbps)', 2582000.00, '2025-08-12 19:34:47', '2025-08-12 19:34:47'),
(74, 1, 'ASTINET 1:1 - (40 Mbps)', 3201000.00, '2025-08-12 19:34:47', '2025-08-12 19:34:47'),
(75, 1, 'ASTINET 1:1 - (50 Mbps)', 4570000.00, '2025-08-12 19:34:47', '2025-08-12 19:34:47'),
(76, 1, 'ASTINET 1:1 - (60 Mbps)', 5045000.00, '2025-08-12 19:34:47', '2025-08-12 19:34:47'),
(77, 1, 'ASTINET 1:1 - (70 Mbps)', 5520000.00, '2025-08-12 19:34:47', '2025-08-12 19:34:47'),
(78, 1, 'ASTINET 1:1 - (80 Mbps)', 5995000.00, '2025-08-12 19:34:47', '2025-08-12 19:34:47'),
(79, 1, 'ASTINET 1:1 - (90 Mbps)', 6470000.00, '2025-08-12 19:34:47', '2025-08-12 19:34:47'),
(80, 1, 'ASTINET 1:1 - (100 Mbps)', 6945000.00, '2025-08-12 19:34:47', '2025-08-12 19:34:47'),
(81, 1, 'ASTINET 1:1 - (150 Mbps)', 9856000.00, '2025-08-12 19:34:47', '2025-08-12 19:34:47'),
(82, 1, 'ASTINET 1:1 - (200 Mbps)', 12767000.00, '2025-08-12 19:34:47', '2025-08-12 19:34:47'),
(83, 1, 'ASTINET 1:1 - (250 Mbps)', 15240833.00, '2025-08-12 19:34:47', '2025-08-12 19:34:47'),
(84, 1, 'ASTINET 1:1 - (300 Mbps)', 17714666.00, '2025-08-12 19:34:47', '2025-08-12 19:34:47'),
(85, 1, 'ASTINET 1:1 - (350 Mbps)', 20188500.00, '2025-08-12 19:34:47', '2025-08-12 19:34:47'),
(86, 1, 'ASTINET 1:1 - (400 Mbps)', 22662333.00, '2025-08-12 19:34:47', '2025-08-12 19:34:47'),
(87, 1, 'ASTINET 1:1 - (450 Mbps)', 25136000.00, '2025-08-12 19:34:47', '2025-08-12 19:34:47'),
(88, 1, 'ASTINET 1:1 - (500 Mbps)', 27610000.00, '2025-08-12 19:34:47', '2025-08-12 19:34:47'),
(89, 1, 'ASTINET 1:1 - (550 Mbps)', 28924100.00, '2025-08-12 19:34:47', '2025-08-12 19:34:47'),
(90, 1, 'ASTINET 1:1 - (600 Mbps)', 30238200.00, '2025-08-12 19:34:47', '2025-08-12 19:34:47'),
(91, 1, 'ASTINET 1:1 - (650 Mbps)', 31552300.00, '2025-08-12 19:34:47', '2025-08-12 19:34:47'),
(92, 1, 'ASTINET 1:1 - (700 Mbps)', 32866400.00, '2025-08-12 19:34:47', '2025-08-12 19:34:47'),
(93, 1, 'ASTINET 1:1 - (750 Mbps)', 34180500.00, '2025-08-12 19:34:47', '2025-08-12 19:34:47'),
(94, 1, 'ASTINET 1:1 - (800 Mbps)', 35494600.00, '2025-08-12 19:34:47', '2025-08-12 19:34:47'),
(95, 1, 'ASTINET 1:1 - (850 Mbps)', 36808700.00, '2025-08-12 19:34:47', '2025-08-12 19:34:47'),
(96, 1, 'ASTINET 1:1 - (900 Mbps)', 38122800.00, '2025-08-12 19:34:47', '2025-08-12 19:34:47'),
(97, 1, 'ASTINET 1:1 - (950 Mbps)', 39436900.00, '2025-08-12 19:34:47', '2025-08-12 19:34:47'),
(98, 1, 'ASTINET 1:1 - (1000 Mbps)', 40751000.00, '2025-08-12 19:34:47', '2025-08-12 19:34:47'),
(99, 1, 'ASTINET 1:2 - (1 Mbps)', 111000.00, '2025-08-12 19:34:47', '2025-08-12 19:34:47'),
(100, 1, 'ASTINET 1:2 - (2 Mbps)', 215000.00, '2025-08-12 19:34:47', '2025-08-12 19:34:47'),
(101, 1, 'ASTINET 1:2 - (3 Mbps)', 310000.00, '2025-08-12 19:34:47', '2025-08-12 19:34:47'),
(102, 1, 'ASTINET 1:2 - (5 Mbps)', 473000.00, '2025-08-12 19:34:47', '2025-08-12 19:34:47'),
(103, 1, 'ASTINET 1:2 - (10 Mbps)', 637000.00, '2025-08-12 19:34:47', '2025-08-12 19:34:47'),
(104, 1, 'ASTINET 1:2 - (20 Mbps)', 1234000.00, '2025-08-12 19:34:47', '2025-08-12 19:34:47'),
(105, 1, 'ASTINET 1:2 - (30 Mbps)', 1780000.00, '2025-08-12 19:34:47', '2025-08-12 19:34:47'),
(106, 1, 'ASTINET 1:2 - (40 Mbps)', 2283000.00, '2025-08-12 19:34:47', '2025-08-12 19:34:47'),
(107, 1, 'ASTINET 1:2 - (50 Mbps)', 2740000.00, '2025-08-12 19:34:47', '2025-08-12 19:34:47'),
(108, 1, 'ASTINET 1:2 - (60 Mbps)', 3902000.00, '2025-08-12 19:34:47', '2025-08-12 19:34:47'),
(109, 1, 'ASTINET 1:2 - (70 Mbps)', 4269000.00, '2025-08-12 19:34:47', '2025-08-12 19:34:47'),
(110, 1, 'ASTINET 1:2 - (80 Mbps)', 4598000.00, '2025-08-12 19:34:47', '2025-08-12 19:34:47'),
(111, 1, 'ASTINET 1:2 - (90 Mbps)', 4741000.00, '2025-08-12 19:34:47', '2025-08-12 19:34:47'),
(112, 1, 'ASTINET 1:2 - (100 Mbps)', 4876000.00, '2025-08-12 19:34:47', '2025-08-12 19:34:47'),
(113, 1, 'ASTINET 1:4 - (1 Mbps)', 93000.00, '2025-08-12 19:34:47', '2025-08-12 19:34:47'),
(114, 1, 'ASTINET 1:4 - (2 Mbps)', 180000.00, '2025-08-12 19:34:47', '2025-08-12 19:34:47'),
(115, 1, 'ASTINET 1:4 - (3 Mbps)', 260000.00, '2025-08-12 19:34:47', '2025-08-12 19:34:47'),
(116, 1, 'ASTINET 1:4 - (5 Mbps)', 397000.00, '2025-08-12 19:34:47', '2025-08-12 19:34:47'),
(117, 1, 'ASTINET 1:4 - (10 Mbps)', 535000.00, '2025-08-12 19:34:47', '2025-08-12 19:34:47'),
(118, 1, 'ASTINET 1:4 - (20 Mbps)', 1035000.00, '2025-08-12 19:34:47', '2025-08-12 19:34:47'),
(119, 1, 'ASTINET 1:4 - (30 Mbps)', 1493000.00, '2025-08-12 19:34:47', '2025-08-12 19:34:47'),
(120, 1, 'ASTINET 1:4 - (40 Mbps)', 1913000.00, '2025-08-12 19:34:47', '2025-08-12 19:34:47'),
(121, 1, 'ASTINET 1:4 - (50 Mbps)', 2296000.00, '2025-08-12 19:34:47', '2025-08-12 19:34:47'),
(122, 1, 'ASTINET 1:4 - (60 Mbps)', 3392000.00, '2025-08-12 19:34:47', '2025-08-12 19:34:47'),
(123, 1, 'ASTINET 1:4 - (70 Mbps)', 3701000.00, '2025-08-12 19:34:47', '2025-08-12 19:34:47'),
(124, 1, 'ASTINET 1:4 - (80 Mbps)', 3975000.00, '2025-08-12 19:34:47', '2025-08-12 19:34:47'),
(125, 1, 'ASTINET 1:4 - (90 Mbps)', 4209000.00, '2025-08-12 19:34:47', '2025-08-12 19:34:47'),
(126, 1, 'ASTINET 1:4 - (100 Mbps)', 4405000.00, '2025-08-12 19:34:47', '2025-08-12 19:34:47'),
(127, 2, 'IP TRANSIT MIX - (100 Mbps)', 6493000.00, '2025-08-12 19:34:47', '2025-08-12 19:34:47'),
(128, 2, 'IP TRANSIT MIX - (150 Mbps)', 9173500.00, '2025-08-12 19:34:47', '2025-08-12 19:34:47'),
(129, 2, 'IP TRANSIT MIX - (200 Mbps)', 11854000.00, '2025-08-12 19:34:47', '2025-08-12 19:34:47'),
(130, 2, 'IP TRANSIT MIX - (250 Mbps)', 13870000.00, '2025-08-12 19:34:47', '2025-08-12 19:34:47'),
(131, 2, 'IP TRANSIT MIX - (300 Mbps)', 15886000.00, '2025-08-12 19:34:47', '2025-08-12 19:34:47'),
(132, 2, 'IP TRANSIT MIX - (350 Mbps)', 17902000.00, '2025-08-12 19:34:47', '2025-08-12 19:34:47'),
(133, 2, 'IP TRANSIT MIX - (400 Mbps)', 19918000.00, '2025-08-12 19:34:47', '2025-08-12 19:34:47'),
(134, 2, 'IP TRANSIT MIX - (450 Mbps)', 21934000.00, '2025-08-12 19:34:47', '2025-08-12 19:34:47'),
(135, 2, 'IP TRANSIT MIX - (500 Mbps)', 23950000.00, '2025-08-12 19:34:47', '2025-08-12 19:34:47'),
(136, 2, 'IP TRANSIT MIX - (550 Mbps)', 25961500.00, '2025-08-12 19:34:47', '2025-08-12 19:34:47'),
(137, 2, 'IP TRANSIT MIX - (600 Mbps)', 27973000.00, '2025-08-12 19:34:47', '2025-08-12 19:34:47'),
(138, 2, 'IP TRANSIT MIX - (650 Mbps)', 29337500.00, '2025-08-12 19:34:47', '2025-08-12 19:34:47'),
(139, 2, 'IP TRANSIT MIX - (700 Mbps)', 30702000.00, '2025-08-12 19:34:47', '2025-08-12 19:34:47'),
(140, 2, 'IP TRANSIT MIX - (750 Mbps)', 31826000.00, '2025-08-12 19:34:47', '2025-08-12 19:34:47'),
(141, 2, 'IP TRANSIT MIX - (800 Mbps)', 32950000.00, '2025-08-12 19:34:47', '2025-08-12 19:34:47'),
(142, 2, 'IP TRANSIT MIX - (850 Mbps)', 33841000.00, '2025-08-12 19:34:47', '2025-08-12 19:34:47'),
(143, 2, 'IP TRANSIT MIX - (900 Mbps)', 34732000.00, '2025-08-12 19:34:47', '2025-08-12 19:34:47'),
(144, 2, 'IP TRANSIT MIX - (950 Mbps)', 35407500.00, '2025-08-12 19:34:47', '2025-08-12 19:34:47'),
(145, 2, 'IP TRANSIT MIX - (1000 Mbps)', 36083000.00, '2025-08-12 19:34:47', '2025-08-12 19:34:47'),
(146, 2, 'IP TRANSIT GLOBAL 100 Mbps', 7115000.00, '2025-08-12 19:34:47', '2025-08-12 19:34:47'),
(147, 2, 'IP TRANSIT GLOBAL 150 Mbps', 10164000.00, '2025-08-12 19:34:47', '2025-08-12 19:34:47'),
(148, 2, 'IP TRANSIT GLOBAL 200 Mbps', 13213000.00, '2025-08-12 19:34:47', '2025-08-12 19:34:47'),
(149, 2, 'IP TRANSIT GLOBAL 250 Mbps', 15828833.00, '2025-08-12 19:34:47', '2025-08-12 19:34:47'),
(150, 2, 'IP TRANSIT GLOBAL 300 Mbps', 18444666.00, '2025-08-12 19:34:47', '2025-08-12 19:34:47'),
(151, 2, 'IP TRANSIT GLOBAL 350 Mbps', 21060500.00, '2025-08-12 19:34:47', '2025-08-12 19:34:47'),
(152, 2, 'IP TRANSIT GLOBAL 400 Mbps', 23676333.00, '2025-08-12 19:34:47', '2025-08-12 19:34:47'),
(153, 2, 'IP TRANSIT GLOBAL 450 Mbps', 26292166.00, '2025-08-12 19:34:47', '2025-08-12 19:34:47'),
(154, 2, 'IP TRANSIT GLOBAL 500 Mbps', 28908000.00, '2025-08-12 19:34:47', '2025-08-12 19:34:47'),
(155, 2, 'IP TRANSIT GLOBAL 550 Mbps', 30581000.00, '2025-08-12 19:34:47', '2025-08-12 19:34:47'),
(156, 2, 'IP TRANSIT GLOBAL 600 Mbps', 32254000.00, '2025-08-12 19:34:47', '2025-08-12 19:34:47'),
(157, 2, 'IP TRANSIT GLOBAL 650 Mbps', 33826500.00, '2025-08-12 19:34:48', '2025-08-12 19:34:48'),
(158, 2, 'IP TRANSIT GLOBAL 700 Mbps', 35399000.00, '2025-08-12 19:34:48', '2025-08-12 19:34:48'),
(159, 2, 'IP TRANSIT GLOBAL 750 Mbps', 36694000.00, '2025-08-12 19:34:48', '2025-08-12 19:34:48'),
(160, 2, 'IP TRANSIT GLOBAL 800 Mbps', 37989000.00, '2025-08-12 19:34:48', '2025-08-12 19:34:48'),
(161, 2, 'IP TRANSIT GLOBAL 850 Mbps', 38617000.00, '2025-08-12 19:34:48', '2025-08-12 19:34:48'),
(162, 2, 'IP TRANSIT GLOBAL 900 Mbps', 39245000.00, '2025-08-12 19:34:48', '2025-08-12 19:34:48'),
(163, 2, 'IP TRANSIT GLOBAL 950 Mbps', 40008000.00, '2025-08-12 19:34:48', '2025-08-12 19:34:48'),
(164, 2, 'IP TRANSIT GLOBAL 1000 Mbps', 40771000.00, '2025-08-12 19:34:48', '2025-08-12 19:34:48'),
(165, 2, 'IP TRANSIT DOMESTIK - (100 Mbps)', 2238000.00, '2025-08-12 19:34:48', '2025-08-12 19:34:48'),
(166, 2, 'IP TRANSIT DOMESTIK - (150 Mbps)', 3061500.00, '2025-08-12 19:34:48', '2025-08-12 19:34:48'),
(167, 2, 'IP TRANSIT DOMESTIK - (200 Mbps)', 3885000.00, '2025-08-12 19:34:48', '2025-08-12 19:34:48'),
(168, 2, 'IP TRANSIT DOMESTIK - (250 Mbps)', 4618833.00, '2025-08-12 19:34:48', '2025-08-12 19:34:48'),
(169, 2, 'IP TRANSIT DOMESTIK - (300 Mbps)', 5352666.00, '2025-08-12 19:34:48', '2025-08-12 19:34:48'),
(170, 2, 'IP TRANSIT DOMESTIK - (350 Mbps)', 6086500.00, '2025-08-12 19:34:48', '2025-08-12 19:34:48'),
(171, 2, 'IP TRANSIT DOMESTIK - (400 Mbps)', 6820333.00, '2025-08-12 19:34:48', '2025-08-12 19:34:48'),
(172, 2, 'IP TRANSIT DOMESTIK - (450 Mbps)', 7554166.00, '2025-08-12 19:34:48', '2025-08-12 19:34:48'),
(173, 2, 'IP TRANSIT DOMESTIK - (500 Mbps)', 8288000.00, '2025-08-12 19:34:48', '2025-08-12 19:34:48'),
(174, 2, 'IP TRANSIT DOMESTIK - (550 Mbps)', 8760500.00, '2025-08-12 19:34:48', '2025-08-12 19:34:48'),
(175, 2, 'IP TRANSIT DOMESTIK - (600 Mbps)', 9233000.00, '2025-08-12 19:34:48', '2025-08-12 19:34:48'),
(176, 2, 'IP TRANSIT DOMESTIK - (650 Mbps)', 9829000.00, '2025-08-12 19:34:48', '2025-08-12 19:34:48'),
(177, 2, 'IP TRANSIT DOMESTIK - (700 Mbps)', 10425000.00, '2025-08-12 19:34:48', '2025-08-12 19:34:48'),
(178, 2, 'IP TRANSIT DOMESTIK - (750 Mbps)', 10970000.00, '2025-08-12 19:34:48', '2025-08-12 19:34:48'),
(179, 2, 'IP TRANSIT DOMESTIK - (800 Mbps)', 11515000.00, '2025-08-12 19:34:48', '2025-08-12 19:34:48'),
(180, 2, 'IP TRANSIT DOMESTIK - (850 Mbps)', 11887000.00, '2025-08-12 19:34:48', '2025-08-12 19:34:48'),
(181, 2, 'IP TRANSIT DOMESTIK - (900 Mbps)', 12259000.00, '2025-08-12 19:34:48', '2025-08-12 19:34:48'),
(182, 2, 'IP TRANSIT DOMESTIK - (950 Mbps)', 12695000.00, '2025-08-12 19:34:48', '2025-08-12 19:34:48'),
(183, 2, 'IP TRANSIT DOMESTIK - (1000 Mbps)', 13132000.00, '2025-08-12 19:34:48', '2025-08-12 19:34:48'),
(184, 2, 'IP TRANSIT DOMESTIK - (2000 Mbps)', 26289000.00, '2025-08-12 19:34:48', '2025-08-12 19:34:48'),
(185, 2, 'IP TRANSIT DOMESTIK - (3000 Mbps)', 39095000.00, '2025-08-12 19:34:48', '2025-08-12 19:34:48'),
(186, 2, 'IP TRANSIT DOMESTIK - (4000 Mbps)', 51673000.00, '2025-08-12 19:34:48', '2025-08-12 19:34:48'),
(187, 2, 'IP TRANSIT DOMESTIK - (5000 Mbps)', 64021000.00, '2025-08-12 19:34:48', '2025-08-12 19:34:48'),
(188, 2, 'IP TRANSIT DOMESTIK - (6000 Mbps)', 76522000.00, '2025-08-12 19:34:48', '2025-08-12 19:34:48'),
(189, 2, 'IP TRANSIT DOMESTIK - (7000 Mbps)', 88748000.00, '2025-08-12 19:34:48', '2025-08-12 19:34:48'),
(190, 2, 'IP TRANSIT DOMESTIK - (8000 Mbps)', 101395000.00, '2025-08-12 19:34:48', '2025-08-12 19:34:48'),
(191, 2, 'IP TRANSIT DOMESTIK - (9000 Mbps)', 114012000.00, '2025-08-12 19:34:48', '2025-08-12 19:34:48'),
(192, 2, 'IP TRANSIT DOMESTIK - (10000 Mbps)', 125544000.00, '2025-08-12 19:34:48', '2025-08-12 19:34:48'),
(193, 3, 'METRO-E EBIS Intra P2P/P2MP Best Effort 1 Mbps', 517000.00, '2025-08-12 19:34:48', '2025-08-12 19:34:48'),
(194, 3, 'METRO-E EBIS Intra P2P/P2MP Best Effort 2 Mbps', 657000.00, '2025-08-12 19:34:48', '2025-08-12 19:34:48'),
(195, 3, 'METRO-E EBIS Intra P2P/P2MP Best Effort 3 Mbps', 775000.00, '2025-08-12 19:34:48', '2025-08-12 19:34:48'),
(196, 3, 'METRO-E EBIS Intra P2P/P2MP Best Effort 4 Mbps', 893000.00, '2025-08-12 19:34:48', '2025-08-12 19:34:48'),
(197, 3, 'METRO-E EBIS Intra P2P/P2MP Best Effort 5 Mbps', 1011000.00, '2025-08-12 19:34:48', '2025-08-12 19:34:48'),
(198, 3, 'METRO-E EBIS Intra P2P/P2MP Best Effort 6 Mbps', 1044000.00, '2025-08-12 19:34:48', '2025-08-12 19:34:48'),
(199, 3, 'METRO-E EBIS Intra P2P/P2MP Best Effort 7 Mbps', 1100000.00, '2025-08-12 19:34:48', '2025-08-12 19:34:48'),
(200, 3, 'METRO-E EBIS Intra P2P/P2MP Best Effort 8 Mbps', 1151000.00, '2025-08-12 19:34:48', '2025-08-12 19:34:48'),
(201, 3, 'METRO-E EBIS Intra P2P/P2MP Best Effort 9 Mbps', 1246000.00, '2025-08-12 19:34:48', '2025-08-12 19:34:48'),
(202, 3, 'METRO-E EBIS Intra P2P/P2MP Best Effort 10 Mbps', 1342000.00, '2025-08-12 19:34:48', '2025-08-12 19:34:48'),
(203, 3, 'METRO-E EBIS Intra P2P/P2MP Best Effort 20 Mbps', 1845000.00, '2025-08-12 19:34:48', '2025-08-12 19:34:48'),
(204, 3, 'METRO-E EBIS Intra P2P/P2MP Best Effort 30 Mbps', 2361000.00, '2025-08-12 19:34:48', '2025-08-12 19:34:48'),
(205, 3, 'METRO-E EBIS Intra P2P/P2MP Best Effort 40 Mbps', 2866000.00, '2025-08-12 19:34:48', '2025-08-12 19:34:48'),
(206, 3, 'METRO-E EBIS Intra P2P/P2MP Best Effort 50 Mbps', 3236000.00, '2025-08-12 19:34:48', '2025-08-12 19:34:48'),
(207, 3, 'METRO-E EBIS Intra P2P/P2MP Best Effort 60 Mbps', 3443000.00, '2025-08-12 19:34:48', '2025-08-12 19:34:48'),
(208, 3, 'METRO-E EBIS Intra P2P/P2MP Best Effort 70 Mbps', 3656000.00, '2025-08-12 19:34:48', '2025-08-12 19:34:48'),
(209, 3, 'METRO-E EBIS Intra P2P/P2MP Best Effort 80 Mbps', 3864000.00, '2025-08-12 19:34:48', '2025-08-12 19:34:48'),
(210, 3, 'METRO-E EBIS Intra P2P/P2MP Best Effort 90 Mbps', 4071000.00, '2025-08-12 19:34:48', '2025-08-12 19:34:48'),
(211, 3, 'METRO-E EBIS Intra P2P/P2MP Best Effort 100 Mbps', 4290000.00, '2025-08-12 19:34:48', '2025-08-12 19:34:48'),
(212, 3, 'METRO-E EBIS Intra P2P/P2MP Best Effort 200 Mbps', 6084000.00, '2025-08-12 19:34:48', '2025-08-12 19:34:48'),
(213, 3, 'METRO-E EBIS Intra P2P/P2MP Best Effort 300 Mbps', 7402000.00, '2025-08-12 19:34:48', '2025-08-12 19:34:48'),
(214, 3, 'METRO-E EBIS Intra P2P/P2MP Best Effort 400 Mbps', 8585000.00, '2025-08-12 19:34:48', '2025-08-12 19:34:48'),
(215, 3, 'METRO-E EBIS Intra P2P/P2MP Best Effort 500 Mbps', 9767000.00, '2025-08-12 19:34:48', '2025-08-12 19:34:48'),
(216, 3, 'METRO-E EBIS Intra P2P/P2MP Best Effort 600 Mbps', 10950000.00, '2025-08-12 19:34:48', '2025-08-12 19:34:48'),
(217, 3, 'METRO-E EBIS Intra P2P/P2MP Best Effort 700 Mbps', 11943000.00, '2025-08-12 19:34:48', '2025-08-12 19:34:48'),
(218, 3, 'METRO-E EBIS Intra P2P/P2MP Best Effort 800 Mbps', 12879000.00, '2025-08-12 19:34:48', '2025-08-12 19:34:48'),
(219, 3, 'METRO-E EBIS Intra P2P/P2MP Best Effort 900 Mbps', 13815000.00, '2025-08-12 19:34:48', '2025-08-12 19:34:48'),
(220, 3, 'METRO-E EBIS Intra P2P/P2MP Best Effort 1000 Mbps', 14751000.00, '2025-08-12 19:34:48', '2025-08-12 19:34:48'),
(221, 3, 'METRO-E EBIS Intra P2P/P2MP Best Effort 2000 Mbps', 28370000.00, '2025-08-12 19:34:48', '2025-08-12 19:34:48'),
(222, 3, 'METRO-E EBIS Intra P2P/P2MP Best Effort 3000 Mbps', 40967000.00, '2025-08-12 19:34:48', '2025-08-12 19:34:48'),
(223, 3, 'METRO-E EBIS Intra P2P/P2MP Best Effort 4000 Mbps', 52533000.00, '2025-08-12 19:34:48', '2025-08-12 19:34:48'),
(224, 3, 'METRO-E EBIS Intra P2P/P2MP Best Effort 5000 Mbps', 63073000.00, '2025-08-12 19:34:48', '2025-08-12 19:34:48'),
(225, 3, 'METRO-E EBIS Intra P2P/P2MP Best Effort 6000 Mbps', 72594000.00, '2025-08-12 19:34:48', '2025-08-12 19:34:48'),
(226, 3, 'METRO-E EBIS Intra P2P/P2MP Best Effort 7000 Mbps', 81092000.00, '2025-08-12 19:34:48', '2025-08-12 19:34:48'),
(227, 3, 'METRO-E EBIS Intra P2P/P2MP Best Effort 8000 Mbps', 88549000.00, '2025-08-12 19:34:48', '2025-08-12 19:34:48'),
(228, 3, 'METRO-E EBIS Intra P2P/P2MP Best Effort 9000 Mbps', 94996000.00, '2025-08-12 19:34:48', '2025-08-12 19:34:48'),
(229, 3, 'METRO-E EBIS Intra P2P/P2MP Best Effort 10000 Mbps', 100412000.00, '2025-08-12 19:34:48', '2025-08-12 19:34:48'),
(230, 3, 'METRO-E EBIS Intra P2P/P2MP Interaktif 1 Mbps', 615000.00, '2025-08-12 19:34:48', '2025-08-12 19:34:48'),
(231, 3, 'METRO-E EBIS Intra P2P/P2MP Interaktif 2 Mbps', 783000.00, '2025-08-12 19:34:48', '2025-08-12 19:34:48'),
(232, 3, 'METRO-E EBIS Intra P2P/P2MP Interaktif 3 Mbps', 922000.00, '2025-08-12 19:34:48', '2025-08-12 19:34:48'),
(233, 3, 'METRO-E EBIS Intra P2P/P2MP Interaktif 4 Mbps', 1061000.00, '2025-08-12 19:34:48', '2025-08-12 19:34:48'),
(234, 3, 'METRO-E EBIS Intra P2P/P2MP Interaktif 5 Mbps', 1199000.00, '2025-08-12 19:34:48', '2025-08-12 19:34:48'),
(235, 3, 'METRO-E EBIS Intra P2P/P2MP Interaktif 6 Mbps', 1239000.00, '2025-08-12 19:34:48', '2025-08-12 19:34:48'),
(236, 3, 'METRO-E EBIS Intra P2P/P2MP Interaktif 7 Mbps', 1303000.00, '2025-08-12 19:34:48', '2025-08-12 19:34:48'),
(237, 3, 'METRO-E EBIS Intra P2P/P2MP Interaktif 8 Mbps', 1367000.00, '2025-08-12 19:34:48', '2025-08-12 19:34:48'),
(238, 3, 'METRO-E EBIS Intra P2P/P2MP Interaktif 9 Mbps', 1477000.00, '2025-08-12 19:34:48', '2025-08-12 19:34:48'),
(239, 3, 'METRO-E EBIS Intra P2P/P2MP Interaktif 10 Mbps', 1599000.00, '2025-08-12 19:34:48', '2025-08-12 19:34:48'),
(240, 3, 'METRO-E EBIS Intra P2P/P2MP Interaktif 20 Mbps', 2194000.00, '2025-08-12 19:34:48', '2025-08-12 19:34:48'),
(241, 3, 'METRO-E EBIS Intra P2P/P2MP Interaktif 30 Mbps', 2806000.00, '2025-08-12 19:34:48', '2025-08-12 19:34:48'),
(242, 3, 'METRO-E EBIS Intra P2P/P2MP Interaktif 40 Mbps', 3408000.00, '2025-08-12 19:34:48', '2025-08-12 19:34:48'),
(243, 3, 'METRO-E EBIS Intra P2P/P2MP Interaktif 50 Mbps', 3848000.00, '2025-08-12 19:34:48', '2025-08-12 19:34:48'),
(244, 3, 'METRO-E EBIS Intra P2P/P2MP Interaktif 60 Mbps', 4095000.00, '2025-08-12 19:34:48', '2025-08-12 19:34:48'),
(245, 3, 'METRO-E EBIS Intra P2P/P2MP Interaktif 70 Mbps', 4350000.00, '2025-08-12 19:34:48', '2025-08-12 19:34:48'),
(246, 3, 'METRO-E EBIS Intra P2P/P2MP Interaktif 80 Mbps', 4593000.00, '2025-08-12 19:34:48', '2025-08-12 19:34:48'),
(247, 3, 'METRO-E EBIS Intra P2P/P2MP Interaktif 90 Mbps', 4841000.00, '2025-08-12 19:34:48', '2025-08-12 19:34:48'),
(248, 3, 'METRO-E EBIS Intra P2P/P2MP Interaktif 100 Mbps', 5096000.00, '2025-08-12 19:34:48', '2025-08-12 19:34:48'),
(249, 3, 'METRO-E EBIS Intra P2P/P2MP Interaktif 200 Mbps', 7236000.00, '2025-08-12 19:34:48', '2025-08-12 19:34:48'),
(250, 3, 'METRO-E EBIS Intra P2P/P2MP Interaktif 300 Mbps', 8797000.00, '2025-08-12 19:34:48', '2025-08-12 19:34:48'),
(251, 3, 'METRO-E EBIS Intra P2P/P2MP Interaktif 400 Mbps', 10202000.00, '2025-08-12 19:34:48', '2025-08-12 19:34:48'),
(252, 3, 'METRO-E EBIS Intra P2P/P2MP Interaktif 500 Mbps', 11606000.00, '2025-08-12 19:34:48', '2025-08-12 19:34:48'),
(253, 3, 'METRO-E EBIS Intra P2P/P2MP Interaktif 600 Mbps', 13012000.00, '2025-08-12 19:34:48', '2025-08-12 19:34:48'),
(254, 3, 'METRO-E EBIS Intra P2P/P2MP Interaktif 700 Mbps', 14191000.00, '2025-08-12 19:34:48', '2025-08-12 19:34:48'),
(255, 3, 'METRO-E EBIS Intra P2P/P2MP Interaktif 800 Mbps', 15307000.00, '2025-08-12 19:34:48', '2025-08-12 19:34:48'),
(256, 3, 'METRO-E EBIS Intra P2P/P2MP Interaktif 900 Mbps', 16417000.00, '2025-08-12 19:34:48', '2025-08-12 19:34:48'),
(257, 3, 'METRO-E EBIS Intra P2P/P2MP Interaktif 1000 Mbps', 17533000.00, '2025-08-12 19:34:48', '2025-08-12 19:34:48'),
(258, 3, 'METRO-E EBIS Intra MP2MP Best Effort 1 Mbps', 665000.00, '2025-08-12 19:34:48', '2025-08-12 19:34:48'),
(259, 3, 'METRO-E EBIS Intra MP2MP Best Effort 2 Mbps', 844000.00, '2025-08-12 19:34:48', '2025-08-12 19:34:48'),
(260, 3, 'METRO-E EBIS Intra MP2MP Best Effort 3 Mbps', 999000.00, '2025-08-12 19:34:48', '2025-08-12 19:34:48'),
(261, 3, 'METRO-E EBIS Intra MP2MP Best Effort 4 Mbps', 1143000.00, '2025-08-12 19:34:48', '2025-08-12 19:34:48'),
(262, 3, 'METRO-E EBIS Intra MP2MP Best Effort 5 Mbps', 1300000.00, '2025-08-12 19:34:48', '2025-08-12 19:34:48'),
(263, 3, 'METRO-E EBIS Intra MP2MP Best Effort 6 Mbps', 1339000.00, '2025-08-12 19:34:48', '2025-08-12 19:34:48'),
(264, 3, 'METRO-E EBIS Intra MP2MP Best Effort 7 Mbps', 1415000.00, '2025-08-12 19:34:48', '2025-08-12 19:34:48'),
(265, 3, 'METRO-E EBIS Intra MP2MP Best Effort 8 Mbps', 1479000.00, '2025-08-12 19:34:48', '2025-08-12 19:34:48'),
(266, 3, 'METRO-E EBIS Intra MP2MP Best Effort 9 Mbps', 1600000.00, '2025-08-12 19:34:48', '2025-08-12 19:34:48'),
(267, 3, 'METRO-E EBIS Intra MP2MP Best Effort 10 Mbps', 1726000.00, '2025-08-12 19:34:48', '2025-08-12 19:34:48'),
(268, 3, 'METRO-E EBIS Intra MP2MP Best Effort 20 Mbps', 2371000.00, '2025-08-12 19:34:48', '2025-08-12 19:34:48'),
(269, 3, 'METRO-E EBIS Intra MP2MP Best Effort 30 Mbps', 3034000.00, '2025-08-12 19:34:48', '2025-08-12 19:34:48'),
(270, 3, 'METRO-E EBIS Intra MP2MP Best Effort 40 Mbps', 3686000.00, '2025-08-12 19:34:48', '2025-08-12 19:34:48'),
(271, 3, 'METRO-E EBIS Intra MP2MP Best Effort 50 Mbps', 4158000.00, '2025-08-12 19:34:48', '2025-08-12 19:34:48'),
(272, 3, 'METRO-E EBIS Intra MP2MP Best Effort 60 Mbps', 4429000.00, '2025-08-12 19:34:48', '2025-08-12 19:34:48'),
(273, 3, 'METRO-E EBIS Intra MP2MP Best Effort 70 Mbps', 4700000.00, '2025-08-12 19:34:48', '2025-08-12 19:34:48'),
(274, 3, 'METRO-E EBIS Intra MP2MP Best Effort 80 Mbps', 4970000.00, '2025-08-12 19:34:48', '2025-08-12 19:34:48'),
(275, 3, 'METRO-E EBIS Intra MP2MP Best Effort 90 Mbps', 5235000.00, '2025-08-12 19:34:48', '2025-08-12 19:34:48'),
(276, 3, 'METRO-E EBIS Intra MP2MP Best Effort 100 Mbps', 5513000.00, '2025-08-12 19:34:48', '2025-08-12 19:34:48'),
(277, 3, 'METRO-E EBIS Intra MP2MP Best Effort 200 Mbps', 7825000.00, '2025-08-12 19:34:48', '2025-08-12 19:34:48'),
(278, 3, 'METRO-E EBIS Intra MP2MP Best Effort 300 Mbps', 9514000.00, '2025-08-12 19:34:48', '2025-08-12 19:34:48'),
(279, 3, 'METRO-E EBIS Intra MP2MP Best Effort 400 Mbps', 11031000.00, '2025-08-12 19:34:48', '2025-08-12 19:34:48'),
(280, 3, 'METRO-E EBIS Intra MP2MP Best Effort 500 Mbps', 12551000.00, '2025-08-12 19:34:48', '2025-08-12 19:34:48'),
(281, 3, 'METRO-E EBIS Intra MP2MP Best Effort 600 Mbps', 14073000.00, '2025-08-12 19:34:48', '2025-08-12 19:34:48'),
(282, 3, 'METRO-E EBIS Intra MP2MP Best Effort 700 Mbps', 15348000.00, '2025-08-12 19:34:48', '2025-08-12 19:34:48'),
(283, 3, 'METRO-E EBIS Intra MP2MP Best Effort 800 Mbps', 16552000.00, '2025-08-12 19:34:48', '2025-08-12 19:34:48'),
(284, 3, 'METRO-E EBIS Intra MP2MP Best Effort 900 Mbps', 17757000.00, '2025-08-12 19:34:48', '2025-08-12 19:34:48'),
(285, 3, 'METRO-E EBIS Intra MP2MP Best Effort 1000 Mbps', 18962000.00, '2025-08-12 19:34:48', '2025-08-12 19:34:48'),
(286, 3, 'METRO-E EBIS Intra MP2MP Best Effort 2000 Mbps', 36464000.00, '2025-08-12 19:34:48', '2025-08-12 19:34:48'),
(287, 3, 'METRO-E EBIS Intra MP2MP Best Effort 3000 Mbps', 52650000.00, '2025-08-12 19:34:48', '2025-08-12 19:34:48'),
(288, 3, 'METRO-E EBIS Intra MP2MP Best Effort 4000 Mbps', 67517000.00, '2025-08-12 19:34:48', '2025-08-12 19:34:48'),
(289, 3, 'METRO-E EBIS Intra MP2MP Best Effort 5000 Mbps', 81070000.00, '2025-08-12 19:34:48', '2025-08-12 19:34:48'),
(290, 3, 'METRO-E EBIS Intra MP2MP Best Effort 6000 Mbps', 93304000.00, '2025-08-12 19:34:48', '2025-08-12 19:34:48'),
(291, 3, 'METRO-E EBIS Intra MP2MP Best Effort 7000 Mbps', 104221000.00, '2025-08-12 19:34:48', '2025-08-12 19:34:48'),
(292, 3, 'METRO-E EBIS Intra MP2MP Best Effort 8000 Mbps', 113813000.00, '2025-08-12 19:34:48', '2025-08-12 19:34:48'),
(293, 3, 'METRO-E EBIS Intra MP2MP Best Effort 9000 Mbps', 122098000.00, '2025-08-12 19:34:48', '2025-08-12 19:34:48'),
(294, 3, 'METRO-E EBIS Intra MP2MP Best Effort 10000 Mbps', 129061000.00, '2025-08-12 19:34:48', '2025-08-12 19:34:48'),
(295, 4, '1S - INET ONLY (50 Mbps)', 439000.00, '2025-08-12 19:34:48', '2025-08-12 19:34:48'),
(296, 4, '1S - INET ONLY (75 Mbps)', 519000.00, '2025-08-12 19:34:48', '2025-08-12 19:34:48'),
(297, 4, '1S - INET ONLY (100 Mbps)', 669000.00, '2025-08-12 19:34:48', '2025-08-12 19:34:48'),
(298, 4, '1S - INET ONLY (150 Mbps)', 819000.00, '2025-08-12 19:34:48', '2025-08-12 19:34:48'),
(299, 4, '1S - INET ONLY (200 Mbps)', 1049000.00, '2025-08-12 19:34:48', '2025-08-12 19:34:48'),
(300, 4, '1S - INET ONLY (300 Mbps)', 1499000.00, '2025-08-12 19:34:48', '2025-08-12 19:34:48'),
(301, 4, '2S - INET + VOICE (50 Mbps)', 479000.00, '2025-08-12 19:34:48', '2025-08-12 19:34:48'),
(302, 4, '2S - INET + VOICE (75 Mbps)', 559000.00, '2025-08-12 19:34:48', '2025-08-12 19:34:48'),
(303, 4, '2S - INET + VOICE (100 Mbps)', 709000.00, '2025-08-12 19:34:48', '2025-08-12 19:34:48'),
(304, 4, '2S - INET + VOICE (150 Mbps)', 859000.00, '2025-08-12 19:34:48', '2025-08-12 19:34:48'),
(305, 4, '2S - INET + VOICE (200 Mbps)', 1089000.00, '2025-08-12 19:34:48', '2025-08-12 19:34:48'),
(306, 4, '2S - INET + VOICE (300 Mbps)', 1539000.00, '2025-08-12 19:34:48', '2025-08-12 19:34:48'),
(307, 4, '2S - INET + IPTV (50 Mbps)', 639000.00, '2025-08-12 19:34:48', '2025-08-12 19:34:48'),
(308, 4, '2S - INET + IPTV (75 Mbps)', 719000.00, '2025-08-12 19:34:48', '2025-08-12 19:34:48'),
(309, 4, '2S - INET + IPTV (100 Mbps)', 869000.00, '2025-08-12 19:34:48', '2025-08-12 19:34:48'),
(310, 4, '2S - INET + IPTV (150 Mbps)', 1019000.00, '2025-08-12 19:34:48', '2025-08-12 19:34:48'),
(311, 4, '2S - INET + IPTV (200 Mbps)', 1249000.00, '2025-08-12 19:34:48', '2025-08-12 19:34:48'),
(312, 4, '2S - INET + IPTV (300 Mbps)', 1699000.00, '2025-08-12 19:34:48', '2025-08-12 19:34:48'),
(313, 4, '2S - INET + NETMONK (50 Mbps)', 465000.00, '2025-08-12 19:34:48', '2025-08-12 19:34:48'),
(314, 4, '2S - INET + NETMONK (75 Mbps)', 545000.00, '2025-08-12 19:34:48', '2025-08-12 19:34:48'),
(315, 4, '2S - INET + NETMONK (100 Mbps)', 695000.00, '2025-08-12 19:34:48', '2025-08-12 19:34:48'),
(316, 4, '2S - INET + NETMONK (150 Mbps)', 845000.00, '2025-08-12 19:34:48', '2025-08-12 19:34:48'),
(317, 4, '2S - INET + NETMONK (200 Mbps)', 1075000.00, '2025-08-12 19:34:48', '2025-08-12 19:34:48'),
(318, 4, '2S - INET + NETMONK (300 Mbps)', 1559000.00, '2025-08-12 19:34:48', '2025-08-12 19:34:48'),
(319, 4, '2S - INET + OCA (50 Mbps)', 543000.00, '2025-08-12 19:34:48', '2025-08-12 19:34:48'),
(320, 4, '2S - INET + OCA (75 Mbps)', 623000.00, '2025-08-12 19:34:48', '2025-08-12 19:34:48'),
(321, 4, '2S - INET + OCA (100 Mbps)', 773000.00, '2025-08-12 19:34:48', '2025-08-12 19:34:48'),
(322, 4, '2S - INET + OCA (150 Mbps)', 923000.00, '2025-08-12 19:34:48', '2025-08-12 19:34:48'),
(323, 4, '2S - INET + OCA (200 Mbps)', 1153000.00, '2025-08-12 19:34:48', '2025-08-12 19:34:48'),
(324, 4, '2S - INET + OCA (300 Mbps)', 1603000.00, '2025-08-12 19:34:48', '2025-08-12 19:34:48'),
(325, 4, '2S - INET + PIJAR (50 Mbps)', 1022000.00, '2025-08-12 19:34:48', '2025-08-12 19:34:48'),
(326, 4, '2S - INET + PIJAR (75 Mbps)', 1102000.00, '2025-08-12 19:34:48', '2025-08-12 19:34:48'),
(327, 4, '2S - INET + PIJAR (100 Mbps)', 1252000.00, '2025-08-12 19:34:48', '2025-08-12 19:34:48'),
(328, 4, '2S - INET + PIJAR (150 Mbps)', 1402000.00, '2025-08-12 19:34:48', '2025-08-12 19:34:48'),
(329, 4, '2S - INET + PIJAR (200 Mbps)', 1632000.00, '2025-08-12 19:34:48', '2025-08-12 19:34:48'),
(330, 4, '2S - INET + PIJAR (300 Mbps)', 2082000.00, '2025-08-12 19:34:48', '2025-08-12 19:34:48'),
(331, 4, '3S - INET + TELP & IPTV (50 Mbps)', 664000.00, '2025-08-12 19:34:48', '2025-08-12 19:34:48'),
(332, 4, '3S - INET + TELP & IPTV (75 Mbps)', 744000.00, '2025-08-12 19:34:48', '2025-08-12 19:34:48'),
(333, 4, '3S - INET + TELP & IPTV (100 Mbps)', 894000.00, '2025-08-12 19:34:48', '2025-08-12 19:34:48'),
(334, 4, '3S - INET + TELP & IPTV (150 Mbps)', 1044000.00, '2025-08-12 19:34:48', '2025-08-12 19:34:48'),
(335, 4, '3S - INET + TELP & IPTV (200 Mbps)', 1274000.00, '2025-08-12 19:34:48', '2025-08-12 19:34:48'),
(336, 4, '3S - INET + TELP & IPTV (300 Mbps)', 1724000.00, '2025-08-12 19:34:48', '2025-08-12 19:34:48'),
(337, 4, '3S - INET + VOICE & NETMONK (50 Mbps)', 506000.00, '2025-08-12 19:34:48', '2025-08-12 19:34:48'),
(338, 4, '3S - INET + VOICE & NETMONK (75 Mbps)', 586000.00, '2025-08-12 19:34:48', '2025-08-12 19:34:48'),
(339, 4, '3S - INET + VOICE & NETMONK (100 Mbps)', 736000.00, '2025-08-12 19:34:48', '2025-08-12 19:34:48'),
(340, 4, '3S - INET + VOICE & NETMONK (150 Mbps)', 886000.00, '2025-08-12 19:34:48', '2025-08-12 19:34:48'),
(341, 4, '3S - INET + VOICE & NETMONK (200 Mbps)', 1116000.00, '2025-08-12 19:34:48', '2025-08-12 19:34:48'),
(342, 4, '3S - INET + VOICE & NETMONK (300 Mbps)', 1566000.00, '2025-08-12 19:34:48', '2025-08-12 19:34:48'),
(343, 4, '3S - INET + VOICE & OCA (50 Mbps)', 582950.00, '2025-08-12 19:34:48', '2025-08-12 19:34:48'),
(344, 4, '3S - INET + VOICE & OCA (75 Mbps)', 662950.00, '2025-08-12 19:34:48', '2025-08-12 19:34:48'),
(345, 4, '3S - INET + VOICE & OCA (100 Mbps)', 812950.00, '2025-08-12 19:34:48', '2025-08-12 19:34:48'),
(346, 4, '3S - INET + VOICE & OCA (150 Mbps)', 962950.00, '2025-08-12 19:34:48', '2025-08-12 19:34:48'),
(347, 4, '3S - INET + VOICE & OCA (200 Mbps)', 1192950.00, '2025-08-12 19:34:48', '2025-08-12 19:34:48'),
(348, 4, '3S - INET + VOICE & OCA (300 Mbps)', 1642950.00, '2025-08-12 19:34:48', '2025-08-12 19:34:48'),
(349, 4, '3S - INET + VOICE & PIJAR (50 Mbps)', 1034000.00, '2025-08-12 19:34:48', '2025-08-12 19:34:48'),
(350, 4, '3S - INET + VOICE & PIJAR (75 Mbps)', 1114000.00, '2025-08-12 19:34:48', '2025-08-12 19:34:48'),
(351, 4, '3S - INET + VOICE & PIJAR (100 Mbps)', 1264000.00, '2025-08-12 19:34:48', '2025-08-12 19:34:48'),
(352, 4, '3S - INET + VOICE & PIJAR (150 Mbps)', 1414000.00, '2025-08-12 19:34:48', '2025-08-12 19:34:48'),
(353, 4, '3S - INET + VOICE & PIJAR (200 Mbps)', 1644000.00, '2025-08-12 19:34:48', '2025-08-12 19:34:48'),
(354, 4, '3S - INET + VOICE & PIJAR (300 Mbps)', 2094000.00, '2025-08-12 19:34:48', '2025-08-12 19:34:48'),
(355, 5, 'NETMONK', 60000.00, '2025-08-12 19:34:48', '2025-08-12 19:34:48'),
(356, 5, 'OCA', 103950.00, '2025-08-12 19:34:48', '2025-08-12 19:34:48'),
(357, 5, 'MESH WIFI', 29000.00, '2025-08-12 19:34:48', '2025-08-12 19:34:48'),
(358, 5, 'TOMPS', 50000.00, '2025-08-12 19:34:48', '2025-08-12 19:34:48'),
(359, 5, 'PIJAR', 555000.00, '2025-08-12 19:34:48', '2025-08-12 19:34:48'),
(360, 5, 'VOICE', 40000.00, '2025-08-12 19:34:48', '2025-08-12 19:34:48');

-- --------------------------------------------------------

--
-- Table structure for table `product_otc`
--

CREATE TABLE `product_otc` (
  `id` bigint(20) UNSIGNED NOT NULL,
  `product_id` bigint(20) UNSIGNED NOT NULL,
  `otc_id` bigint(20) UNSIGNED NOT NULL,
  `created_at` timestamp NULL DEFAULT NULL,
  `updated_at` timestamp NULL DEFAULT NULL
) ENGINE=InnoDB DEFAULT CHARSET=utf8mb4 COLLATE=utf8mb4_unicode_ci;

-- --------------------------------------------------------

--
-- Table structure for table `sessions`
--

CREATE TABLE `sessions` (
  `id` varchar(255) NOT NULL,
  `user_id` bigint(20) UNSIGNED DEFAULT NULL,
  `ip_address` varchar(45) DEFAULT NULL,
  `user_agent` text DEFAULT NULL,
  `payload` longtext NOT NULL,
  `last_activity` int(11) NOT NULL
) ENGINE=InnoDB DEFAULT CHARSET=utf8mb4 COLLATE=utf8mb4_unicode_ci;

--
-- Dumping data for table `sessions`
--

INSERT INTO `sessions` (`id`, `user_id`, `ip_address`, `user_agent`, `payload`, `last_activity`) VALUES
('bS13Myh8bEZXcbJTwNbxQRI4HPVNEBPD7VQ8y4Dn', 2, '127.0.0.1', 'Mozilla/5.0 (Windows NT 10.0; Win64; x64) AppleWebKit/537.36 (KHTML, like Gecko) Chrome/139.0.0.0 Safari/537.36 Edg/139.0.0.0', 'YTo0OntzOjY6Il90b2tlbiI7czo0MDoieG45aG5Ub1Zqb1FhYXNCSG9ISkZOS3Vzb212S1R0eHpnVlN6R3dUUSI7czo2OiJfZmxhc2giO2E6Mjp7czozOiJvbGQiO2E6MDp7fXM6MzoibmV3IjthOjA6e319czo5OiJfcHJldmlvdXMiO2E6MTp7czozOiJ1cmwiO3M6Mjk6Imh0dHA6Ly8xMjcuMC4wLjE6ODAwMC9ub25wb3RzIjt9czo1MDoibG9naW5fd2ViXzU5YmEzNmFkZGMyYjJmOTQwMTU4MGYwMTRjN2Y1OGVhNGUzMDk4OWQiO2k6Mjt9', 1755059749);

-- --------------------------------------------------------

--
-- Table structure for table `users`
--

CREATE TABLE `users` (
  `id` bigint(20) UNSIGNED NOT NULL,
  `name` varchar(255) NOT NULL,
  `email` varchar(255) NOT NULL,
  `email_verified_at` timestamp NULL DEFAULT NULL,
  `password` varchar(255) NOT NULL,
  `remember_token` varchar(100) DEFAULT NULL,
  `created_at` timestamp NULL DEFAULT NULL,
  `updated_at` timestamp NULL DEFAULT NULL
) ENGINE=InnoDB DEFAULT CHARSET=utf8mb4 COLLATE=utf8mb4_unicode_ci;

--
-- Dumping data for table `users`
--

INSERT INTO `users` (`id`, `name`, `email`, `email_verified_at`, `password`, `remember_token`, `created_at`, `updated_at`) VALUES
(1, 'Test User', 'test@example.com', '2025-08-12 19:34:46', '$2y$12$PCKeNg9sD83DEetDa3vjqOg1bFMH57UpCPxJ8cGWv.omZBGlQfNdi', 'WhVPEZX1vO', '2025-08-12 19:34:47', '2025-08-12 19:34:47'),
(2, 'Salsabila Septi Sukmayanti', 'salsabilass014@gmail.com', NULL, '$2y$12$uZHIQF4b973f/YmwANGoNOPxOTAaq46ypjKuR755JpcxABQ2BVJMK', NULL, '2025-08-12 19:35:41', '2025-08-12 19:35:41');

--
-- Indexes for dumped tables
--

--
-- Indexes for table `cache`
--
ALTER TABLE `cache`
  ADD PRIMARY KEY (`key`);

--
-- Indexes for table `cache_locks`
--
ALTER TABLE `cache_locks`
  ADD PRIMARY KEY (`key`);

--
-- Indexes for table `categories`
--
ALTER TABLE `categories`
  ADD PRIMARY KEY (`category_id`);

--
-- Indexes for table `failed_jobs`
--
ALTER TABLE `failed_jobs`
  ADD PRIMARY KEY (`id`),
  ADD UNIQUE KEY `failed_jobs_uuid_unique` (`uuid`);

--
-- Indexes for table `jobs`
--
ALTER TABLE `jobs`
  ADD PRIMARY KEY (`id`),
  ADD KEY `jobs_queue_index` (`queue`);

--
-- Indexes for table `job_batches`
--
ALTER TABLE `job_batches`
  ADD PRIMARY KEY (`id`);

--
-- Indexes for table `migrations`
--
ALTER TABLE `migrations`
  ADD PRIMARY KEY (`id`);

--
-- Indexes for table `otc`
--
ALTER TABLE `otc`
  ADD PRIMARY KEY (`id_OTC`);

--
-- Indexes for table `password_reset_tokens`
--
ALTER TABLE `password_reset_tokens`
  ADD PRIMARY KEY (`email`);

--
-- Indexes for table `products`
--
ALTER TABLE `products`
  ADD PRIMARY KEY (`id`),
  ADD KEY `products_category_id_foreign` (`category_id`);

--
-- Indexes for table `product_otc`
--
ALTER TABLE `product_otc`
  ADD PRIMARY KEY (`id`),
  ADD KEY `product_otc_product_id_foreign` (`product_id`),
  ADD KEY `product_otc_otc_id_foreign` (`otc_id`);

--
-- Indexes for table `sessions`
--
ALTER TABLE `sessions`
  ADD PRIMARY KEY (`id`),
  ADD KEY `sessions_user_id_index` (`user_id`),
  ADD KEY `sessions_last_activity_index` (`last_activity`);

--
-- Indexes for table `users`
--
ALTER TABLE `users`
  ADD PRIMARY KEY (`id`),
  ADD UNIQUE KEY `users_email_unique` (`email`);

--
-- AUTO_INCREMENT for dumped tables
--

--
-- AUTO_INCREMENT for table `categories`
--
ALTER TABLE `categories`
  MODIFY `category_id` bigint(20) UNSIGNED NOT NULL AUTO_INCREMENT, AUTO_INCREMENT=6;

--
-- AUTO_INCREMENT for table `failed_jobs`
--
ALTER TABLE `failed_jobs`
  MODIFY `id` bigint(20) UNSIGNED NOT NULL AUTO_INCREMENT;

--
-- AUTO_INCREMENT for table `jobs`
--
ALTER TABLE `jobs`
  MODIFY `id` bigint(20) UNSIGNED NOT NULL AUTO_INCREMENT;

--
-- AUTO_INCREMENT for table `migrations`
--
ALTER TABLE `migrations`
  MODIFY `id` int(10) UNSIGNED NOT NULL AUTO_INCREMENT, AUTO_INCREMENT=9;

--
-- AUTO_INCREMENT for table `otc`
--
ALTER TABLE `otc`
  MODIFY `id_OTC` bigint(20) UNSIGNED NOT NULL AUTO_INCREMENT, AUTO_INCREMENT=4;

--
-- AUTO_INCREMENT for table `products`
--
ALTER TABLE `products`
  MODIFY `id` bigint(20) UNSIGNED NOT NULL AUTO_INCREMENT, AUTO_INCREMENT=361;

--
-- AUTO_INCREMENT for table `product_otc`
--
ALTER TABLE `product_otc`
  MODIFY `id` bigint(20) UNSIGNED NOT NULL AUTO_INCREMENT;

--
-- AUTO_INCREMENT for table `users`
--
ALTER TABLE `users`
  MODIFY `id` bigint(20) UNSIGNED NOT NULL AUTO_INCREMENT, AUTO_INCREMENT=3;

--
-- Constraints for dumped tables
--

--
-- Constraints for table `products`
--
ALTER TABLE `products`
  ADD CONSTRAINT `products_category_id_foreign` FOREIGN KEY (`category_id`) REFERENCES `categories` (`category_id`) ON DELETE CASCADE;

--
-- Constraints for table `product_otc`
--
ALTER TABLE `product_otc`
  ADD CONSTRAINT `product_otc_otc_id_foreign` FOREIGN KEY (`otc_id`) REFERENCES `otc` (`id_OTC`) ON DELETE CASCADE,
  ADD CONSTRAINT `product_otc_product_id_foreign` FOREIGN KEY (`product_id`) REFERENCES `products` (`id`) ON DELETE CASCADE;
COMMIT;

/*!40101 SET CHARACTER_SET_CLIENT=@OLD_CHARACTER_SET_CLIENT */;
/*!40101 SET CHARACTER_SET_RESULTS=@OLD_CHARACTER_SET_RESULTS */;
/*!40101 SET COLLATION_CONNECTION=@OLD_COLLATION_CONNECTION */;
